[
  {
    "stazione_id": "1",
    "nome_stazione": "Milano - Senato",
    "lat": 45.4706,
    "lon": 9.1947
  },
  {
    "stazione_id": "2",
    "nome_stazione": "Milano - Verziere",
    "lat": 45.4637,
    "lon": 9.1953
  },
  {
    "stazione_id": "10",
    "nome_stazione": "Milano - Pascal/Città Studi",
    "lat": 45.4777,
    "lon": 9.2346
  },
  {
    "stazione_id": "11",
    "nome_stazione": "Milano - v.le Marche",
    "lat": 45.4957,
    "lon": 9.1924
  },
  {
    "stazione_id": "14",
    "nome_stazione": "Milano - v.le Liguria",
    "lat": 45.4441,
    "lon": 9.1729
  },
  {
    "stazione_id": "122",
    "nome_stazione": "Milano - Zavattari",
    "lat": 45.4761,
    "lon": 9.1436
  }
]